<?xml version="1.0" encoding="UTF-8"?>
<window>
    <controls>
        <control type="group">
            <left>0</left>
            <top>0</top>
            <width>1920</width>
            <height>1080</height>
            <visible>!String.isEqual(Window.Property(umbrella.icononly),true)+!String.isEqual(Window.Property(umbrella.isHidden),true)</visible>
            <control type="image">
                <description>background</description>
                <texture>common/black.png</texture>
            </control>
            <control type="image">
                <texture background="true">$INFO[Window.Property(umbrella.fanart)]</texture>
                <animation effect="fade" start="20" end="20" time="0">WindowOpen</animation>
            </control>
        </control>
        <control type="image">
            <left>360r</left>
            <top>15</top>
            <width>50</width>
            <height>50</height>
            <texture>common/icon.png</texture>
            <animation effect="fade" start="80" end="80" time="0">WindowOpen</animation>
            <visible>String.isEqual(Window.Property(umbrella.icononly),true)+!String.isEqual(Window.Property(umbrella.isHidden),true)</visible>
        </control>
        <control type="label">
            <left>300r</left>
            <top>20</top>
            <width>280</width>
            <height>20</height>
            <font>font12</font>
            <label>[UPPERCASE]$ADDON[plugin.video.umbrella 40337][/UPPERCASE]</label>
            <animation effect="fade" start="80" end="80" time="0">WindowOpen</animation>
            <visible>!String.isEqual(Window.Property(umbrella.icononly),true)+!String.isEqual(Window.Property(umbrella.isHidden),true)</visible>
        </control>
        <control type="image">
            <top>635</top>
            <centerleft>50%</centerleft>
            <width max="480">auto</width>
            <height>160</height>
            <aspectratio>keep</aspectratio>
            <texture background="true">$INFO[Window.Property(umbrella.clearlogo)]</texture>
            <animation effect="fade" start="80" end="80" time="0">WindowOpen</animation>
            <visible>!String.isEqual(Window.Property(umbrella.icononly),true)+!String.isEqual(Window.Property(umbrella.isHidden),true)</visible>
        </control>
        <control type="image" id="2220">
            <centerleft>50%</centerleft>
            <centertop>415</centertop>
            <width>250</width>
            <height>250</height>
            <texture>common/spin10.png</texture>
            <animation effect="fade" start="0" end="70" time="0" tween="sine" easing="in">WindowOpen</animation>
            <aspectratio>keep</aspectratio>
            <visible>Integer.IsEqual(Window().Property(percent),0)+!String.isEqual(Window.Property(umbrella.icononly),true)+!String.isEqual(Window.Property(umbrella.isHidden),true)</visible>
        </control>
        <control type="image" id="2221">
            <centerleft>50%</centerleft>
            <centertop>415</centertop>
            <width>250</width>
            <height>250</height>
            <texture>common/spin01.png</texture>
            <animation effect="fade" start="0" end="70" time="0" tween="sine" easing="in">WindowOpen</animation>
            <aspectratio>keep</aspectratio>
            <visible>Integer.IsEqual(Window().Property(percent),01)+!String.isEqual(Window.Property(umbrella.icononly),true)+!String.isEqual(Window.Property(umbrella.isHidden),true)</visible>
        </control>
        <control type="image" id="2222">
            <centerleft>50%</centerleft>
            <centertop>415</centertop>
            <width>250</width>
            <height>250</height>
            <texture>common/spin02.png</texture>
            <animation effect="fade" start="0" end="70" time="0" tween="sine" easing="in">WindowOpen</animation>
            <aspectratio>keep</aspectratio>
            <visible>Integer.IsEqual(Window().Property(percent),02)+!String.isEqual(Window.Property(umbrella.icononly),true)+!String.isEqual(Window.Property(umbrella.isHidden),true)</visible>
        </control>
        <control type="image" id="2223">
            <centerleft>50%</centerleft>
            <centertop>415</centertop>
            <width>250</width>
            <height>250</height>
            <texture>common/spin03.png</texture>
            <animation effect="fade" start="0" end="70" time="0" tween="sine" easing="in">WindowOpen</animation>
            <aspectratio>keep</aspectratio>
            <visible>Integer.IsEqual(Window().Property(percent),03)+!String.isEqual(Window.Property(umbrella.icononly),true)+!String.isEqual(Window.Property(umbrella.isHidden),true)</visible>
        </control>
        <control type="image" id="2224">
            <centerleft>50%</centerleft>
            <centertop>415</centertop>
            <width>250</width>
            <height>250</height>
            <texture>common/spin04.png</texture>
            <animation effect="fade" start="0" end="70" time="0" tween="sine" easing="in">WindowOpen</animation>
            <aspectratio>keep</aspectratio>
            <visible>Integer.IsEqual(Window().Property(percent),04)+!String.isEqual(Window.Property(umbrella.icononly),true)+!String.isEqual(Window.Property(umbrella.isHidden),true)</visible>
        </control>
        <control type="image" id="2225">
            <centerleft>50%</centerleft>
            <centertop>415</centertop>
            <width>250</width>
            <height>250</height>
            <texture>common/spin05.png</texture>
            <animation effect="fade" start="0" end="70" time="0" tween="sine" easing="in">WindowOpen</animation>
            <aspectratio>keep</aspectratio>
            <visible>Integer.IsEqual(Window().Property(percent),05)+!String.isEqual(Window.Property(umbrella.icononly),true)+!String.isEqual(Window.Property(umbrella.isHidden),true)</visible>
        </control>
        <control type="image" id="2226">
            <centerleft>50%</centerleft>
            <centertop>415</centertop>
            <width>250</width>
            <height>250</height>
            <texture>common/spin06.png</texture>
            <animation effect="fade" start="0" end="70" time="0" tween="sine" easing="in">WindowOpen</animation>
            <aspectratio>keep</aspectratio>
            <visible>Integer.IsEqual(Window().Property(percent),06)+!String.isEqual(Window.Property(umbrella.icononly),true)+!String.isEqual(Window.Property(umbrella.isHidden),true)</visible>
        </control>
        <control type="image" id="2227">
            <centerleft>50%</centerleft>
            <centertop>415</centertop>
            <width>250</width>
            <height>250</height>
            <texture>common/spin07.png</texture>
            <animation effect="fade" start="0" end="70" time="0" tween="sine" easing="in">WindowOpen</animation>
            <aspectratio>keep</aspectratio>
            <visible>Integer.IsEqual(Window().Property(percent),07)+!String.isEqual(Window.Property(umbrella.icononly),true)+!String.isEqual(Window.Property(umbrella.isHidden),true)</visible>
        </control>
        <control type="image" id="2228">
            <centerleft>50%</centerleft>
            <centertop>415</centertop>
            <width>250</width>
            <height>250</height>
            <texture>common/spin08.png</texture>
            <animation effect="fade" start="0" end="70" time="0" tween="sine" easing="in">WindowOpen</animation>
            <aspectratio>keep</aspectratio>
            <visible>Integer.IsEqual(Window().Property(percent),08)+!String.isEqual(Window.Property(umbrella.icononly),true)+!String.isEqual(Window.Property(umbrella.isHidden),true)</visible>
        </control>
        <control type="image" id="2229">
            <centerleft>50%</centerleft>
            <centertop>415</centertop>
            <width>250</width>
            <height>250</height>
            <texture>common/spin09.png</texture>
            <animation effect="fade" start="0" end="70" time="0" tween="sine" easing="in">WindowOpen</animation>
            <aspectratio>keep</aspectratio>
            <visible>Integer.IsEqual(Window().Property(percent),09)+!String.isEqual(Window.Property(umbrella.icononly),true)+!String.isEqual(Window.Property(umbrella.isHidden),true)</visible>
        </control>
        <control type="image" id="2230">
            <centerleft>50%</centerleft>
            <centertop>415</centertop>
            <width>250</width>
            <height>250</height>
            <texture>common/spin10.png</texture>
            <animation effect="fade" start="0" end="70" time="0" tween="sine" easing="in">WindowOpen</animation>
            <aspectratio>keep</aspectratio>
            <visible>Integer.IsEqual(Window().Property(percent),10)+!String.isEqual(Window.Property(umbrella.icononly),true)+!String.isEqual(Window.Property(umbrella.isHidden),true)</visible>
        </control>
        <control type="image" id="2231">
            <centerleft>50%</centerleft>
            <centertop>415</centertop>
            <width>250</width>
            <height>250</height>
            <texture>common/spin01.png</texture>
            <animation effect="fade" start="0" end="70" time="0" tween="sine" easing="in">WindowOpen</animation>
            <aspectratio>keep</aspectratio>
            <visible>Integer.IsEqual(Window().Property(percent),11)+!String.isEqual(Window.Property(umbrella.icononly),true)+!String.isEqual(Window.Property(umbrella.isHidden),true)</visible>
        </control>
        <control type="image" id="2232">
            <centerleft>50%</centerleft>
            <centertop>415</centertop>
            <width>250</width>
            <height>250</height>
            <texture>common/spin02.png</texture>
            <animation effect="fade" start="0" end="70" time="0" tween="sine" easing="in">WindowOpen</animation>
            <aspectratio>keep</aspectratio>
            <visible>Integer.IsEqual(Window().Property(percent),12)+!String.isEqual(Window.Property(umbrella.icononly),true)+!String.isEqual(Window.Property(umbrella.isHidden),true)</visible>
        </control>
        <control type="image" id="2233">
            <centerleft>50%</centerleft>
            <centertop>415</centertop>
            <width>250</width>
            <height>250</height>
            <texture>common/spin03.png</texture>
            <animation effect="fade" start="0" end="70" time="0" tween="sine" easing="in">WindowOpen</animation>
            <aspectratio>keep</aspectratio>
            <visible>Integer.IsEqual(Window().Property(percent),13)+!String.isEqual(Window.Property(umbrella.icononly),true)+!String.isEqual(Window.Property(umbrella.isHidden),true)</visible>
        </control>
        <control type="image" id="2234">
            <centerleft>50%</centerleft>
            <centertop>415</centertop>
            <width>250</width>
            <height>250</height>
            <texture>common/spin04.png</texture>
            <animation effect="fade" start="0" end="70" time="0" tween="sine" easing="in">WindowOpen</animation>
            <aspectratio>keep</aspectratio>
            <visible>Integer.IsEqual(Window().Property(percent),14)+!String.isEqual(Window.Property(umbrella.icononly),true)+!String.isEqual(Window.Property(umbrella.isHidden),true)</visible>
        </control>
        <control type="image" id="2235">
            <centerleft>50%</centerleft>
            <centertop>415</centertop>
            <width>250</width>
            <height>250</height>
            <texture>common/spin05.png</texture>
            <animation effect="fade" start="0" end="70" time="0" tween="sine" easing="in">WindowOpen</animation>
            <aspectratio>keep</aspectratio>
            <visible>Integer.IsEqual(Window().Property(percent),15)+!String.isEqual(Window.Property(umbrella.icononly),true)+!String.isEqual(Window.Property(umbrella.isHidden),true)</visible>
        </control>
        <control type="image" id="2236">
            <centerleft>50%</centerleft>
            <centertop>415</centertop>
            <width>250</width>
            <height>250</height>
            <texture>common/spin06.png</texture>
            <animation effect="fade" start="0" end="70" time="0" tween="sine" easing="in">WindowOpen</animation>
            <aspectratio>keep</aspectratio>
            <visible>Integer.IsEqual(Window().Property(percent),16)+!String.isEqual(Window.Property(umbrella.icononly),true)+!String.isEqual(Window.Property(umbrella.isHidden),true)</visible>
        </control>
        <control type="image" id="2237">
            <centerleft>50%</centerleft>
            <centertop>415</centertop>
            <width>250</width>
            <height>250</height>
            <texture>common/spin07.png</texture>
            <animation effect="fade" start="0" end="70" time="0" tween="sine" easing="in">WindowOpen</animation>
            <aspectratio>keep</aspectratio>
            <visible>Integer.IsEqual(Window().Property(percent),17)+!String.isEqual(Window.Property(umbrella.icononly),true)+!String.isEqual(Window.Property(umbrella.isHidden),true)</visible>
        </control>
        <control type="image" id="2238">
            <centerleft>50%</centerleft>
            <centertop>415</centertop>
            <width>250</width>
            <height>250</height>
            <texture>common/spin08.png</texture>
            <animation effect="fade" start="0" end="70" time="0" tween="sine" easing="in">WindowOpen</animation>
            <aspectratio>keep</aspectratio>
            <visible>Integer.IsEqual(Window().Property(percent),18)+!String.isEqual(Window.Property(umbrella.icononly),true)+!String.isEqual(Window.Property(umbrella.isHidden),true)</visible>
        </control>
        <control type="image" id="2239">
            <centerleft>50%</centerleft>
            <centertop>415</centertop>
            <width>250</width>
            <height>250</height>
            <texture>common/spin09.png</texture>
            <animation effect="fade" start="0" end="70" time="0" tween="sine" easing="in">WindowOpen</animation>
            <aspectratio>keep</aspectratio>
            <visible>Integer.IsEqual(Window().Property(percent),19)+!String.isEqual(Window.Property(umbrella.icononly),true)+!String.isEqual(Window.Property(umbrella.isHidden),true)</visible>
        </control>
        <control type="image" id="2240">
            <centerleft>50%</centerleft>
            <centertop>415</centertop>
            <width>250</width>
            <height>250</height>
            <texture>common/spin10.png</texture>
            <animation effect="fade" start="0" end="70" time="0" tween="sine" easing="in">WindowOpen</animation>
            <aspectratio>keep</aspectratio>
            <visible>Integer.IsEqual(Window().Property(percent),20)+!String.isEqual(Window.Property(umbrella.icononly),true)+!String.isEqual(Window.Property(umbrella.isHidden),true)</visible>
        </control>
        <control type="image" id="2241">
            <centerleft>50%</centerleft>
            <centertop>415</centertop>
            <width>250</width>
            <height>250</height>
            <texture>common/spin01.png</texture>
            <animation effect="fade" start="0" end="70" time="0" tween="sine" easing="in">WindowOpen</animation>
            <aspectratio>keep</aspectratio>
            <visible>Integer.IsEqual(Window().Property(percent),21)+!String.isEqual(Window.Property(umbrella.icononly),true)+!String.isEqual(Window.Property(umbrella.isHidden),true)</visible>
        </control>
        <control type="image" id="2242">
            <centerleft>50%</centerleft>
            <centertop>415</centertop>
            <width>250</width>
            <height>250</height>
            <texture>common/spin02.png</texture>
            <animation effect="fade" start="0" end="70" time="0" tween="sine" easing="in">WindowOpen</animation>
            <aspectratio>keep</aspectratio>
            <visible>Integer.IsEqual(Window().Property(percent),22)+!String.isEqual(Window.Property(umbrella.icononly),true)+!String.isEqual(Window.Property(umbrella.isHidden),true)</visible>
        </control>
        <control type="image" id="2243">
            <centerleft>50%</centerleft>
            <centertop>415</centertop>
            <width>250</width>
            <height>250</height>
            <texture>common/spin03.png</texture>
            <animation effect="fade" start="0" end="70" time="0" tween="sine" easing="in">WindowOpen</animation>
            <aspectratio>keep</aspectratio>
            <visible>Integer.IsEqual(Window().Property(percent),23)+!String.isEqual(Window.Property(umbrella.icononly),true)+!String.isEqual(Window.Property(umbrella.isHidden),true)</visible>
        </control>
        <control type="image" id="2244">
            <centerleft>50%</centerleft>
            <centertop>415</centertop>
            <width>250</width>
            <height>250</height>
            <texture>common/spin04.png</texture>
            <animation effect="fade" start="0" end="70" time="0" tween="sine" easing="in">WindowOpen</animation>
            <aspectratio>keep</aspectratio>
            <visible>Integer.IsEqual(Window().Property(percent),24)+!String.isEqual(Window.Property(umbrella.icononly),true)+!String.isEqual(Window.Property(umbrella.isHidden),true)</visible>
        </control>
        <control type="image" id="2245">
            <centerleft>50%</centerleft>
            <centertop>415</centertop>
            <width>250</width>
            <height>250</height>
            <texture>common/spin05.png</texture>
            <animation effect="fade" start="0" end="70" time="0" tween="sine" easing="in">WindowOpen</animation>
            <aspectratio>keep</aspectratio>
            <visible>Integer.IsEqual(Window().Property(percent),25)+!String.isEqual(Window.Property(umbrella.icononly),true)+!String.isEqual(Window.Property(umbrella.isHidden),true)</visible>
        </control>
        <control type="image" id="2246">
            <centerleft>50%</centerleft>
            <centertop>415</centertop>
            <width>250</width>
            <height>250</height>
            <texture>common/spin06.png</texture>
            <animation effect="fade" start="0" end="70" time="0" tween="sine" easing="in">WindowOpen</animation>
            <aspectratio>keep</aspectratio>
            <visible>Integer.IsEqual(Window().Property(percent),26)+!String.isEqual(Window.Property(umbrella.icononly),true)+!String.isEqual(Window.Property(umbrella.isHidden),true)</visible>
        </control>
        <control type="image" id="2247">
            <centerleft>50%</centerleft>
            <centertop>415</centertop>
            <width>250</width>
            <height>250</height>
            <texture>common/spin07.png</texture>
            <animation effect="fade" start="0" end="70" time="0" tween="sine" easing="in">WindowOpen</animation>
            <aspectratio>keep</aspectratio>
            <visible>Integer.IsEqual(Window().Property(percent),27)+!String.isEqual(Window.Property(umbrella.icononly),true)+!String.isEqual(Window.Property(umbrella.isHidden),true)</visible>
        </control>
        <control type="image" id="2248">
            <centerleft>50%</centerleft>
            <centertop>415</centertop>
            <width>250</width>
            <height>250</height>
            <texture>common/spin08.png</texture>
            <animation effect="fade" start="0" end="70" time="0" tween="sine" easing="in">WindowOpen</animation>
            <aspectratio>keep</aspectratio>
            <visible>Integer.IsEqual(Window().Property(percent),28)+!String.isEqual(Window.Property(umbrella.icononly),true)+!String.isEqual(Window.Property(umbrella.isHidden),true)</visible>
        </control>
        <control type="image" id="2249">
            <centerleft>50%</centerleft>
            <centertop>415</centertop>
            <width>250</width>
            <height>250</height>
            <texture>common/spin09.png</texture>
            <animation effect="fade" start="0" end="70" time="0" tween="sine" easing="in">WindowOpen</animation>
            <aspectratio>keep</aspectratio>
            <visible>Integer.IsEqual(Window().Property(percent),29)+!String.isEqual(Window.Property(umbrella.icononly),true)+!String.isEqual(Window.Property(umbrella.isHidden),true)</visible>
        </control>
        <control type="image" id="2250">
            <centerleft>50%</centerleft>
            <centertop>415</centertop>
            <width>250</width>
            <height>250</height>
            <texture>common/spin10.png</texture>
            <animation effect="fade" start="0" end="70" time="0" tween="sine" easing="in">WindowOpen</animation>
            <aspectratio>keep</aspectratio>
            <visible>Integer.IsEqual(Window().Property(percent),30)+!String.isEqual(Window.Property(umbrella.icononly),true)+!String.isEqual(Window.Property(umbrella.isHidden),true)</visible>
        </control>
        <control type="image" id="2251">
            <centerleft>50%</centerleft>
            <centertop>415</centertop>
            <width>250</width>
            <height>250</height>
            <texture>common/spin01.png</texture>
            <animation effect="fade" start="0" end="70" time="0" tween="sine" easing="in">WindowOpen</animation>
            <aspectratio>keep</aspectratio>
            <visible>Integer.IsEqual(Window().Property(percent),31)+!String.isEqual(Window.Property(umbrella.icononly),true)+!String.isEqual(Window.Property(umbrella.isHidden),true)</visible>
        </control>
        <control type="image" id="2252">
            <centerleft>50%</centerleft>
            <centertop>415</centertop>
            <width>250</width>
            <height>250</height>
            <texture>common/spin02.png</texture>
            <animation effect="fade" start="0" end="70" time="0" tween="sine" easing="in">WindowOpen</animation>
            <aspectratio>keep</aspectratio>
            <visible>Integer.IsEqual(Window().Property(percent),32)+!String.isEqual(Window.Property(umbrella.icononly),true)+!String.isEqual(Window.Property(umbrella.isHidden),true)</visible>
        </control>
        <control type="image" id="2253">
            <centerleft>50%</centerleft>
            <centertop>415</centertop>
            <width>250</width>
            <height>250</height>
            <texture>common/spin03.png</texture>
            <animation effect="fade" start="0" end="70" time="0" tween="sine" easing="in">WindowOpen</animation>
            <aspectratio>keep</aspectratio>
            <visible>Integer.IsEqual(Window().Property(percent),33)+!String.isEqual(Window.Property(umbrella.icononly),true)+!String.isEqual(Window.Property(umbrella.isHidden),true)</visible>
        </control>
        <control type="image" id="2254">
            <centerleft>50%</centerleft>
            <centertop>415</centertop>
            <width>250</width>
            <height>250</height>
            <texture>common/spin04.png</texture>
            <animation effect="fade" start="0" end="70" time="0" tween="sine" easing="in">WindowOpen</animation>
            <aspectratio>keep</aspectratio>
            <visible>Integer.IsEqual(Window().Property(percent),34)+!String.isEqual(Window.Property(umbrella.icononly),true)+!String.isEqual(Window.Property(umbrella.isHidden),true)</visible>
        </control>
        <control type="image" id="2255">
            <centerleft>50%</centerleft>
            <centertop>415</centertop>
            <width>250</width>
            <height>250</height>
            <texture>common/spin05.png</texture>
            <animation effect="fade" start="0" end="70" time="0" tween="sine" easing="in">WindowOpen</animation>
            <aspectratio>keep</aspectratio>
            <visible>Integer.IsEqual(Window().Property(percent),35)+!String.isEqual(Window.Property(umbrella.icononly),true)+!String.isEqual(Window.Property(umbrella.isHidden),true)</visible>
        </control>
        <control type="image" id="2256">
            <centerleft>50%</centerleft>
            <centertop>415</centertop>
            <width>250</width>
            <height>250</height>
            <texture>common/spin06.png</texture>
            <animation effect="fade" start="0" end="70" time="0" tween="sine" easing="in">WindowOpen</animation>
            <aspectratio>keep</aspectratio>
            <visible>Integer.IsEqual(Window().Property(percent),36)+!String.isEqual(Window.Property(umbrella.icononly),true)+!String.isEqual(Window.Property(umbrella.isHidden),true)</visible>
        </control>
        <control type="image" id="2257">
            <centerleft>50%</centerleft>
            <centertop>415</centertop>
            <width>250</width>
            <height>250</height>
            <texture>common/spin07.png</texture>
            <animation effect="fade" start="0" end="70" time="0" tween="sine" easing="in">WindowOpen</animation>
            <aspectratio>keep</aspectratio>
            <visible>Integer.IsEqual(Window().Property(percent),37)+!String.isEqual(Window.Property(umbrella.icononly),true)+!String.isEqual(Window.Property(umbrella.isHidden),true)</visible>
        </control>
        <control type="image" id="2258">
            <centerleft>50%</centerleft>
            <centertop>415</centertop>
            <width>250</width>
            <height>250</height>
            <texture>common/spin08.png</texture>
            <animation effect="fade" start="0" end="70" time="0" tween="sine" easing="in">WindowOpen</animation>
            <aspectratio>keep</aspectratio>
            <visible>Integer.IsEqual(Window().Property(percent),38)+!String.isEqual(Window.Property(umbrella.icononly),true)+!String.isEqual(Window.Property(umbrella.isHidden),true)</visible>
        </control>
        <control type="image" id="2259">
            <centerleft>50%</centerleft>
            <centertop>415</centertop>
            <width>250</width>
            <height>250</height>
            <texture>common/spin09.png</texture>
            <animation effect="fade" start="0" end="70" time="0" tween="sine" easing="in">WindowOpen</animation>
            <aspectratio>keep</aspectratio>
            <visible>Integer.IsEqual(Window().Property(percent),39)+!String.isEqual(Window.Property(umbrella.icononly),true)+!String.isEqual(Window.Property(umbrella.isHidden),true)</visible>
        </control>
        <control type="image" id="2260">
            <centerleft>50%</centerleft>
            <centertop>415</centertop>
            <width>250</width>
            <height>250</height>
            <texture>common/spin10.png</texture>
            <animation effect="fade" start="0" end="70" time="0" tween="sine" easing="in">WindowOpen</animation>
            <aspectratio>keep</aspectratio>
            <visible>Integer.IsEqual(Window().Property(percent),40)+!String.isEqual(Window.Property(umbrella.icononly),true)+!String.isEqual(Window.Property(umbrella.isHidden),true)</visible>
        </control>
        <control type="image" id="2261">
            <centerleft>50%</centerleft>
            <centertop>415</centertop>
            <width>250</width>
            <height>250</height>
            <texture>common/spin01.png</texture>
            <animation effect="fade" start="0" end="70" time="0" tween="sine" easing="in">WindowOpen</animation>
            <aspectratio>keep</aspectratio>
            <visible>Integer.IsEqual(Window().Property(percent),41)+!String.isEqual(Window.Property(umbrella.icononly),true)+!String.isEqual(Window.Property(umbrella.isHidden),true)</visible>
        </control>
        <control type="image" id="2262">
            <centerleft>50%</centerleft>
            <centertop>415</centertop>
            <width>250</width>
            <height>250</height>
            <texture>common/spin02.png</texture>
            <animation effect="fade" start="0" end="70" time="0" tween="sine" easing="in">WindowOpen</animation>
            <aspectratio>keep</aspectratio>
            <visible>Integer.IsEqual(Window().Property(percent),42)+!String.isEqual(Window.Property(umbrella.icononly),true)+!String.isEqual(Window.Property(umbrella.isHidden),true)</visible>
        </control>
        <control type="image" id="2263">
            <centerleft>50%</centerleft>
            <centertop>415</centertop>
            <width>250</width>
            <height>250</height>
            <texture>common/spin03.png</texture>
            <animation effect="fade" start="0" end="70" time="0" tween="sine" easing="in">WindowOpen</animation>
            <aspectratio>keep</aspectratio>
            <visible>Integer.IsEqual(Window().Property(percent),43)+!String.isEqual(Window.Property(umbrella.icononly),true)+!String.isEqual(Window.Property(umbrella.isHidden),true)</visible>
        </control>
        <control type="image" id="2264">
            <centerleft>50%</centerleft>
            <centertop>415</centertop>
            <width>250</width>
            <height>250</height>
            <texture>common/spin04.png</texture>
            <animation effect="fade" start="0" end="70" time="0" tween="sine" easing="in">WindowOpen</animation>
            <aspectratio>keep</aspectratio>
            <visible>Integer.IsEqual(Window().Property(percent),44)+!String.isEqual(Window.Property(umbrella.icononly),true)+!String.isEqual(Window.Property(umbrella.isHidden),true)</visible>
        </control>
        <control type="image" id="2265">
            <centerleft>50%</centerleft>
            <centertop>415</centertop>
            <width>250</width>
            <height>250</height>
            <texture>common/spin05.png</texture>
            <animation effect="fade" start="0" end="70" time="0" tween="sine" easing="in">WindowOpen</animation>
            <aspectratio>keep</aspectratio>
            <visible>Integer.IsEqual(Window().Property(percent),45)+!String.isEqual(Window.Property(umbrella.icononly),true)+!String.isEqual(Window.Property(umbrella.isHidden),true)</visible>
        </control>
        <control type="image" id="2266">
            <centerleft>50%</centerleft>
            <centertop>415</centertop>
            <width>250</width>
            <height>250</height>
            <texture>common/spin06.png</texture>
            <animation effect="fade" start="0" end="70" time="0" tween="sine" easing="in">WindowOpen</animation>
            <aspectratio>keep</aspectratio>
            <visible>Integer.IsEqual(Window().Property(percent),46)+!String.isEqual(Window.Property(umbrella.icononly),true)+!String.isEqual(Window.Property(umbrella.isHidden),true)</visible>
        </control>
        <control type="image" id="2267">
            <centerleft>50%</centerleft>
            <centertop>415</centertop>
            <width>250</width>
            <height>250</height>
            <texture>common/spin07.png</texture>
            <animation effect="fade" start="0" end="70" time="0" tween="sine" easing="in">WindowOpen</animation>
            <aspectratio>keep</aspectratio>
            <visible>Integer.IsEqual(Window().Property(percent),47)+!String.isEqual(Window.Property(umbrella.icononly),true)+!String.isEqual(Window.Property(umbrella.isHidden),true)</visible>
        </control>
        <control type="image" id="2268">
            <centerleft>50%</centerleft>
            <centertop>415</centertop>
            <width>250</width>
            <height>250</height>
            <texture>common/spin08.png</texture>
            <animation effect="fade" start="0" end="70" time="0" tween="sine" easing="in">WindowOpen</animation>
            <aspectratio>keep</aspectratio>
            <visible>Integer.IsEqual(Window().Property(percent),48)+!String.isEqual(Window.Property(umbrella.icononly),true)+!String.isEqual(Window.Property(umbrella.isHidden),true)</visible>
        </control>
        <control type="image" id="2269">
            <centerleft>50%</centerleft>
            <centertop>415</centertop>
            <width>250</width>
            <height>250</height>
            <texture>common/spin09.png</texture>
            <animation effect="fade" start="0" end="70" time="0" tween="sine" easing="in">WindowOpen</animation>
            <aspectratio>keep</aspectratio>
            <visible>Integer.IsEqual(Window().Property(percent),49)+!String.isEqual(Window.Property(umbrella.icononly),true)+!String.isEqual(Window.Property(umbrella.isHidden),true)</visible>
        </control>
        <control type="image" id="2270">
            <centerleft>50%</centerleft>
            <centertop>415</centertop>
            <width>250</width>
            <height>250</height>
            <texture>common/spin10.png</texture>
            <animation effect="fade" start="0" end="70" time="0" tween="sine" easing="in">WindowOpen</animation>
            <aspectratio>keep</aspectratio>
            <visible>Integer.IsEqual(Window().Property(percent),50)+!String.isEqual(Window.Property(umbrella.icononly),true)+!String.isEqual(Window.Property(umbrella.isHidden),true)</visible>
        </control>
        <control type="image" id="2271">
            <centerleft>50%</centerleft>
            <centertop>415</centertop>
            <width>250</width>
            <height>250</height>
            <texture>common/spin01.png</texture>
            <animation effect="fade" start="0" end="70" time="0" tween="sine" easing="in">WindowOpen</animation>
            <aspectratio>keep</aspectratio>
            <visible>Integer.IsEqual(Window().Property(percent),51)+!String.isEqual(Window.Property(umbrella.icononly),true)+!String.isEqual(Window.Property(umbrella.isHidden),true)</visible>
        </control>
        <control type="image" id="2272">
            <centerleft>50%</centerleft>
            <centertop>415</centertop>
            <width>250</width>
            <height>250</height>
            <texture>common/spin02.png</texture>
            <animation effect="fade" start="0" end="70" time="0" tween="sine" easing="in">WindowOpen</animation>
            <aspectratio>keep</aspectratio>
            <visible>Integer.IsEqual(Window().Property(percent),52)+!String.isEqual(Window.Property(umbrella.icononly),true)+!String.isEqual(Window.Property(umbrella.isHidden),true)</visible>
        </control>
        <control type="image" id="2273">
            <centerleft>50%</centerleft>
            <centertop>415</centertop>
            <width>250</width>
            <height>250</height>
            <texture>common/spin03.png</texture>
            <animation effect="fade" start="0" end="70" time="0" tween="sine" easing="in">WindowOpen</animation>
            <aspectratio>keep</aspectratio>
            <visible>Integer.IsEqual(Window().Property(percent),53)+!String.isEqual(Window.Property(umbrella.icononly),true)+!String.isEqual(Window.Property(umbrella.isHidden),true)</visible>
        </control>
        <control type="image" id="2274">
            <centerleft>50%</centerleft>
            <centertop>415</centertop>
            <width>250</width>
            <height>250</height>
            <texture>common/spin04.png</texture>
            <animation effect="fade" start="0" end="70" time="0" tween="sine" easing="in">WindowOpen</animation>
            <aspectratio>keep</aspectratio>
            <visible>Integer.IsEqual(Window().Property(percent),54)+!String.isEqual(Window.Property(umbrella.icononly),true)+!String.isEqual(Window.Property(umbrella.isHidden),true)</visible>
        </control>
        <control type="image" id="2275">
            <centerleft>50%</centerleft>
            <centertop>415</centertop>
            <width>250</width>
            <height>250</height>
            <texture>common/spin05.png</texture>
            <animation effect="fade" start="0" end="70" time="0" tween="sine" easing="in">WindowOpen</animation>
            <aspectratio>keep</aspectratio>
            <visible>Integer.IsEqual(Window().Property(percent),55)+!String.isEqual(Window.Property(umbrella.icononly),true)+!String.isEqual(Window.Property(umbrella.isHidden),true)</visible>
        </control>
        <control type="image" id="2276">
            <centerleft>50%</centerleft>
            <centertop>415</centertop>
            <width>250</width>
            <height>250</height>
            <texture>common/spin06.png</texture>
            <animation effect="fade" start="0" end="70" time="0" tween="sine" easing="in">WindowOpen</animation>
            <aspectratio>keep</aspectratio>
            <visible>Integer.IsEqual(Window().Property(percent),56)+!String.isEqual(Window.Property(umbrella.icononly),true)+!String.isEqual(Window.Property(umbrella.isHidden),true)</visible>
        </control>
        <control type="image" id="2277">
            <centerleft>50%</centerleft>
            <centertop>415</centertop>
            <width>250</width>
            <height>250</height>
            <texture>common/spin07.png</texture>
            <animation effect="fade" start="0" end="70" time="0" tween="sine" easing="in">WindowOpen</animation>
            <aspectratio>keep</aspectratio>
            <visible>Integer.IsEqual(Window().Property(percent),57)+!String.isEqual(Window.Property(umbrella.icononly),true)+!String.isEqual(Window.Property(umbrella.isHidden),true)</visible>
        </control>
        <control type="image" id="2278">
            <centerleft>50%</centerleft>
            <centertop>415</centertop>
            <width>250</width>
            <height>250</height>
            <texture>common/spin08.png</texture>
            <animation effect="fade" start="0" end="70" time="0" tween="sine" easing="in">WindowOpen</animation>
            <aspectratio>keep</aspectratio>
            <visible>Integer.IsEqual(Window().Property(percent),58)+!String.isEqual(Window.Property(umbrella.icononly),true)+!String.isEqual(Window.Property(umbrella.isHidden),true)</visible>
        </control>
        <control type="image" id="2279">
            <centerleft>50%</centerleft>
            <centertop>415</centertop>
            <width>250</width>
            <height>250</height>
            <texture>common/spin09.png</texture>
            <animation effect="fade" start="0" end="70" time="0" tween="sine" easing="in">WindowOpen</animation>
            <aspectratio>keep</aspectratio>
            <visible>Integer.IsEqual(Window().Property(percent),59)+!String.isEqual(Window.Property(umbrella.icononly),true)+!String.isEqual(Window.Property(umbrella.isHidden),true)</visible>
        </control>
        <control type="image" id="2280">
            <centerleft>50%</centerleft>
            <centertop>415</centertop>
            <width>250</width>
            <height>250</height>
            <texture>common/spin10.png</texture>
            <animation effect="fade" start="0" end="70" time="0" tween="sine" easing="in">WindowOpen</animation>
            <aspectratio>keep</aspectratio>
            <visible>Integer.IsEqual(Window().Property(percent),60)+!String.isEqual(Window.Property(umbrella.icononly),true)+!String.isEqual(Window.Property(umbrella.isHidden),true)</visible>
        </control>
        <control type="image" id="2281">
            <centerleft>50%</centerleft>
            <centertop>415</centertop>
            <width>250</width>
            <height>250</height>
            <texture>common/spin01.png</texture>
            <animation effect="fade" start="0" end="70" time="0" tween="sine" easing="in">WindowOpen</animation>
            <aspectratio>keep</aspectratio>
            <visible>Integer.IsEqual(Window().Property(percent),61)+!String.isEqual(Window.Property(umbrella.icononly),true)+!String.isEqual(Window.Property(umbrella.isHidden),true)</visible>
        </control>
        <control type="image" id="2282">
            <centerleft>50%</centerleft>
            <centertop>415</centertop>
            <width>250</width>
            <height>250</height>
            <texture>common/spin02.png</texture>
            <animation effect="fade" start="0" end="70" time="0" tween="sine" easing="in">WindowOpen</animation>
            <aspectratio>keep</aspectratio>
            <visible>Integer.IsEqual(Window().Property(percent),62)+!String.isEqual(Window.Property(umbrella.icononly),true)+!String.isEqual(Window.Property(umbrella.isHidden),true)</visible>
        </control>
        <control type="image" id="2283">
            <centerleft>50%</centerleft>
            <centertop>415</centertop>
            <width>250</width>
            <height>250</height>
            <texture>common/spin03.png</texture>
            <animation effect="fade" start="0" end="70" time="0" tween="sine" easing="in">WindowOpen</animation>
            <aspectratio>keep</aspectratio>
            <visible>Integer.IsEqual(Window().Property(percent),63)+!String.isEqual(Window.Property(umbrella.icononly),true)+!String.isEqual(Window.Property(umbrella.isHidden),true)</visible>
        </control>
        <control type="image" id="2284">
            <centerleft>50%</centerleft>
            <centertop>415</centertop>
            <width>250</width>
            <height>250</height>
            <texture>common/spin04.png</texture>
            <animation effect="fade" start="0" end="70" time="0" tween="sine" easing="in">WindowOpen</animation>
            <aspectratio>keep</aspectratio>
            <visible>Integer.IsEqual(Window().Property(percent),64)+!String.isEqual(Window.Property(umbrella.icononly),true)+!String.isEqual(Window.Property(umbrella.isHidden),true)</visible>
        </control>
        <control type="image" id="2285">
            <centerleft>50%</centerleft>
            <centertop>415</centertop>
            <width>250</width>
            <height>250</height>
            <texture>common/spin05.png</texture>
            <animation effect="fade" start="0" end="70" time="0" tween="sine" easing="in">WindowOpen</animation>
            <aspectratio>keep</aspectratio>
            <visible>Integer.IsEqual(Window().Property(percent),65)+!String.isEqual(Window.Property(umbrella.icononly),true)+!String.isEqual(Window.Property(umbrella.isHidden),true)</visible>
        </control>
        <control type="image" id="2286">
            <centerleft>50%</centerleft>
            <centertop>415</centertop>
            <width>250</width>
            <height>250</height>
            <texture>common/spin06.png</texture>
            <animation effect="fade" start="0" end="70" time="0" tween="sine" easing="in">WindowOpen</animation>
            <aspectratio>keep</aspectratio>
            <visible>Integer.IsEqual(Window().Property(percent),66)+!String.isEqual(Window.Property(umbrella.icononly),true)+!String.isEqual(Window.Property(umbrella.isHidden),true)</visible>
        </control>
        <control type="image" id="2287">
            <centerleft>50%</centerleft>
            <centertop>415</centertop>
            <width>250</width>
            <height>250</height>
            <texture>common/spin07.png</texture>
            <animation effect="fade" start="0" end="70" time="0" tween="sine" easing="in">WindowOpen</animation>
            <aspectratio>keep</aspectratio>
            <visible>Integer.IsEqual(Window().Property(percent),67)+!String.isEqual(Window.Property(umbrella.icononly),true)+!String.isEqual(Window.Property(umbrella.isHidden),true)</visible>
        </control>
        <control type="image" id="2288">
            <centerleft>50%</centerleft>
            <centertop>415</centertop>
            <width>250</width>
            <height>250</height>
            <texture>common/spin08.png</texture>
            <animation effect="fade" start="0" end="70" time="0" tween="sine" easing="in">WindowOpen</animation>
            <aspectratio>keep</aspectratio>
            <visible>Integer.IsEqual(Window().Property(percent),68)+!String.isEqual(Window.Property(umbrella.icononly),true)+!String.isEqual(Window.Property(umbrella.isHidden),true)</visible>
        </control>
        <control type="image" id="2289">
            <centerleft>50%</centerleft>
            <centertop>415</centertop>
            <width>250</width>
            <height>250</height>
            <texture>common/spin09.png</texture>
            <animation effect="fade" start="0" end="70" time="0" tween="sine" easing="in">WindowOpen</animation>
            <aspectratio>keep</aspectratio>
            <visible>Integer.IsEqual(Window().Property(percent),69)+!String.isEqual(Window.Property(umbrella.icononly),true)+!String.isEqual(Window.Property(umbrella.isHidden),true)</visible>
        </control>
        <control type="image" id="2290">
            <centerleft>50%</centerleft>
            <centertop>415</centertop>
            <width>250</width>
            <height>250</height>
            <texture>common/spin10.png</texture>
            <animation effect="fade" start="0" end="70" time="0" tween="sine" easing="in">WindowOpen</animation>
            <aspectratio>keep</aspectratio>
            <visible>Integer.IsEqual(Window().Property(percent),70)+!String.isEqual(Window.Property(umbrella.icononly),true)+!String.isEqual(Window.Property(umbrella.isHidden),true)</visible>
        </control>
        <control type="image" id="2291">
            <centerleft>50%</centerleft>
            <centertop>415</centertop>
            <width>250</width>
            <height>250</height>
            <texture>common/spin01.png</texture>
            <animation effect="fade" start="0" end="70" time="0" tween="sine" easing="in">WindowOpen</animation>
            <aspectratio>keep</aspectratio>
            <visible>Integer.IsEqual(Window().Property(percent),71)+!String.isEqual(Window.Property(umbrella.icononly),true)+!String.isEqual(Window.Property(umbrella.isHidden),true)</visible>
        </control>
        <control type="image" id="2292">
            <centerleft>50%</centerleft>
            <centertop>415</centertop>
            <width>250</width>
            <height>250</height>
            <texture>common/spin02.png</texture>
            <animation effect="fade" start="0" end="70" time="0" tween="sine" easing="in">WindowOpen</animation>
            <aspectratio>keep</aspectratio>
            <visible>Integer.IsEqual(Window().Property(percent),72)+!String.isEqual(Window.Property(umbrella.icononly),true)+!String.isEqual(Window.Property(umbrella.isHidden),true)</visible>
        </control>
        <control type="image" id="2293">
            <centerleft>50%</centerleft>
            <centertop>415</centertop>
            <width>250</width>
            <height>250</height>
            <texture>common/spin03.png</texture>
            <animation effect="fade" start="0" end="70" time="0" tween="sine" easing="in">WindowOpen</animation>
            <aspectratio>keep</aspectratio>
            <visible>Integer.IsEqual(Window().Property(percent),73)+!String.isEqual(Window.Property(umbrella.icononly),true)+!String.isEqual(Window.Property(umbrella.isHidden),true)</visible>
        </control>
        <control type="image" id="2294">
            <centerleft>50%</centerleft>
            <centertop>415</centertop>
            <width>250</width>
            <height>250</height>
            <texture>common/spin04.png</texture>
            <animation effect="fade" start="0" end="70" time="0" tween="sine" easing="in">WindowOpen</animation>
            <aspectratio>keep</aspectratio>
            <visible>Integer.IsEqual(Window().Property(percent),74)+!String.isEqual(Window.Property(umbrella.icononly),true)+!String.isEqual(Window.Property(umbrella.isHidden),true)</visible>
        </control>
        <control type="image" id="2295">
            <centerleft>50%</centerleft>
            <centertop>415</centertop>
            <width>250</width>
            <height>250</height>
            <texture>common/spin05.png</texture>
            <animation effect="fade" start="0" end="70" time="0" tween="sine" easing="in">WindowOpen</animation>
            <aspectratio>keep</aspectratio>
            <visible>Integer.IsEqual(Window().Property(percent),75)+!String.isEqual(Window.Property(umbrella.icononly),true)+!String.isEqual(Window.Property(umbrella.isHidden),true)</visible>
        </control>
        <control type="image" id="2296">
            <centerleft>50%</centerleft>
            <centertop>415</centertop>
            <width>250</width>
            <height>250</height>
            <texture>common/spin06.png</texture>
            <animation effect="fade" start="0" end="70" time="0" tween="sine" easing="in">WindowOpen</animation>
            <aspectratio>keep</aspectratio>
            <visible>Integer.IsEqual(Window().Property(percent),76)+!String.isEqual(Window.Property(umbrella.icononly),true)+!String.isEqual(Window.Property(umbrella.isHidden),true)</visible>
        </control>
        <control type="image" id="2297">
            <centerleft>50%</centerleft>
            <centertop>415</centertop>
            <width>250</width>
            <height>250</height>
            <texture>common/spin07.png</texture>
            <animation effect="fade" start="0" end="70" time="0" tween="sine" easing="in">WindowOpen</animation>
            <aspectratio>keep</aspectratio>
            <visible>Integer.IsEqual(Window().Property(percent),77)+!String.isEqual(Window.Property(umbrella.icononly),true)+!String.isEqual(Window.Property(umbrella.isHidden),true)</visible>
        </control>
        <control type="image" id="2298">
            <centerleft>50%</centerleft>
            <centertop>415</centertop>
            <width>250</width>
            <height>250</height>
            <texture>common/spin08.png</texture>
            <animation effect="fade" start="0" end="70" time="0" tween="sine" easing="in">WindowOpen</animation>
            <aspectratio>keep</aspectratio>
            <visible>Integer.IsEqual(Window().Property(percent),78)+!String.isEqual(Window.Property(umbrella.icononly),true)+!String.isEqual(Window.Property(umbrella.isHidden),true)</visible>
        </control>
        <control type="image" id="2299">
            <centerleft>50%</centerleft>
            <centertop>415</centertop>
            <width>250</width>
            <height>250</height>
            <texture>common/spin09.png</texture>
            <animation effect="fade" start="0" end="70" time="0" tween="sine" easing="in">WindowOpen</animation>
            <aspectratio>keep</aspectratio>
            <visible>Integer.IsEqual(Window().Property(percent),79)+!String.isEqual(Window.Property(umbrella.icononly),true)+!String.isEqual(Window.Property(umbrella.isHidden),true)</visible>
        </control>
        <control type="image" id="2300">
            <centerleft>50%</centerleft>
            <centertop>415</centertop>
            <width>250</width>
            <height>250</height>
            <texture>common/spin10.png</texture>
            <animation effect="fade" start="0" end="70" time="0" tween="sine" easing="in">WindowOpen</animation>
            <aspectratio>keep</aspectratio>
            <visible>Integer.IsEqual(Window().Property(percent),80)+!String.isEqual(Window.Property(umbrella.icononly),true)+!String.isEqual(Window.Property(umbrella.isHidden),true)</visible>
        </control>
        <control type="image" id="2301">
            <centerleft>50%</centerleft>
            <centertop>415</centertop>
            <width>250</width>
            <height>250</height>
            <texture>common/spin01.png</texture>
            <animation effect="fade" start="0" end="70" time="0" tween="sine" easing="in">WindowOpen</animation>
            <aspectratio>keep</aspectratio>
            <visible>Integer.IsEqual(Window().Property(percent),81)+!String.isEqual(Window.Property(umbrella.icononly),true)+!String.isEqual(Window.Property(umbrella.isHidden),true)</visible>
        </control>
        <control type="image" id="2302">
            <centerleft>50%</centerleft>
            <centertop>415</centertop>
            <width>250</width>
            <height>250</height>
            <texture>common/spin02.png</texture>
            <animation effect="fade" start="0" end="70" time="0" tween="sine" easing="in">WindowOpen</animation>
            <aspectratio>keep</aspectratio>
            <visible>Integer.IsEqual(Window().Property(percent),82)+!String.isEqual(Window.Property(umbrella.icononly),true)+!String.isEqual(Window.Property(umbrella.isHidden),true)</visible>
        </control>
        <control type="image" id="2303">
            <centerleft>50%</centerleft>
            <centertop>415</centertop>
            <width>250</width>
            <height>250</height>
            <texture>common/spin03.png</texture>
            <animation effect="fade" start="0" end="70" time="0" tween="sine" easing="in">WindowOpen</animation>
            <aspectratio>keep</aspectratio>
            <visible>Integer.IsEqual(Window().Property(percent),83)+!String.isEqual(Window.Property(umbrella.icononly),true)+!String.isEqual(Window.Property(umbrella.isHidden),true)</visible>
        </control>
        <control type="image" id="2304">
            <centerleft>50%</centerleft>
            <centertop>415</centertop>
            <width>250</width>
            <height>250</height>
            <texture>common/spin04.png</texture>
            <animation effect="fade" start="0" end="70" time="0" tween="sine" easing="in">WindowOpen</animation>
            <aspectratio>keep</aspectratio>
            <visible>Integer.IsEqual(Window().Property(percent),84)+!String.isEqual(Window.Property(umbrella.icononly),true)+!String.isEqual(Window.Property(umbrella.isHidden),true)</visible>
        </control>
        <control type="image" id="2305">
            <centerleft>50%</centerleft>
            <centertop>415</centertop>
            <width>250</width>
            <height>250</height>
            <texture>common/spin05.png</texture>
            <animation effect="fade" start="0" end="70" time="0" tween="sine" easing="in">WindowOpen</animation>
            <aspectratio>keep</aspectratio>
            <visible>Integer.IsEqual(Window().Property(percent),85)+!String.isEqual(Window.Property(umbrella.icononly),true)+!String.isEqual(Window.Property(umbrella.isHidden),true)</visible>
        </control>
        <control type="image" id="2306">
            <centerleft>50%</centerleft>
            <centertop>415</centertop>
            <width>250</width>
            <height>250</height>
            <texture>common/spin06.png</texture>
            <animation effect="fade" start="0" end="70" time="0" tween="sine" easing="in">WindowOpen</animation>
            <aspectratio>keep</aspectratio>
            <visible>Integer.IsEqual(Window().Property(percent),86)+!String.isEqual(Window.Property(umbrella.icononly),true)+!String.isEqual(Window.Property(umbrella.isHidden),true)</visible>
        </control>
        <control type="image" id="2307">
            <centerleft>50%</centerleft>
            <centertop>415</centertop>
            <width>250</width>
            <height>250</height>
            <texture>common/spin07.png</texture>
            <animation effect="fade" start="0" end="70" time="0" tween="sine" easing="in">WindowOpen</animation>
            <aspectratio>keep</aspectratio>
            <visible>Integer.IsEqual(Window().Property(percent),87)+!String.isEqual(Window.Property(umbrella.icononly),true)+!String.isEqual(Window.Property(umbrella.isHidden),true)</visible>
        </control>
        <control type="image" id="2308">
            <centerleft>50%</centerleft>
            <centertop>415</centertop>
            <width>250</width>
            <height>250</height>
            <texture>common/spin08.png</texture>
            <animation effect="fade" start="0" end="70" time="0" tween="sine" easing="in">WindowOpen</animation>
            <aspectratio>keep</aspectratio>
            <visible>Integer.IsEqual(Window().Property(percent),88)+!String.isEqual(Window.Property(umbrella.icononly),true)+!String.isEqual(Window.Property(umbrella.isHidden),true)</visible>
        </control>
        <control type="image" id="2309">
            <centerleft>50%</centerleft>
            <centertop>415</centertop>
            <width>250</width>
            <height>250</height>
            <texture>common/spin09.png</texture>
            <animation effect="fade" start="0" end="70" time="0" tween="sine" easing="in">WindowOpen</animation>
            <aspectratio>keep</aspectratio>
            <visible>Integer.IsEqual(Window().Property(percent),89)+!String.isEqual(Window.Property(umbrella.icononly),true)+!String.isEqual(Window.Property(umbrella.isHidden),true)</visible>
        </control>
        <control type="image" id="2310">
            <centerleft>50%</centerleft>
            <centertop>415</centertop>
            <width>250</width>
            <height>250</height>
            <texture>common/spin10.png</texture>
            <animation effect="fade" start="0" end="70" time="0" tween="sine" easing="in">WindowOpen</animation>
            <aspectratio>keep</aspectratio>
            <visible>Integer.IsEqual(Window().Property(percent),90)+!String.isEqual(Window.Property(umbrella.icononly),true)+!String.isEqual(Window.Property(umbrella.isHidden),true)</visible>
        </control>
        <control type="image" id="2311">
            <centerleft>50%</centerleft>
            <centertop>415</centertop>
            <width>250</width>
            <height>250</height>
            <texture>common/spin01.png</texture>
            <animation effect="fade" start="0" end="70" time="0" tween="sine" easing="in">WindowOpen</animation>
            <aspectratio>keep</aspectratio>
            <visible>Integer.IsEqual(Window().Property(percent),91)+!String.isEqual(Window.Property(umbrella.icononly),true)+!String.isEqual(Window.Property(umbrella.isHidden),true)</visible>
        </control>
        <control type="image" id="2312">
            <centerleft>50%</centerleft>
            <centertop>415</centertop>
            <width>250</width>
            <height>250</height>
            <texture>common/spin02.png</texture>
            <animation effect="fade" start="0" end="70" time="0" tween="sine" easing="in">WindowOpen</animation>
            <aspectratio>keep</aspectratio>
            <visible>Integer.IsEqual(Window().Property(percent),92)+!String.isEqual(Window.Property(umbrella.icononly),true)+!String.isEqual(Window.Property(umbrella.isHidden),true)</visible>
        </control>
        <control type="image" id="2313">
            <centerleft>50%</centerleft>
            <centertop>415</centertop>
            <width>250</width>
            <height>250</height>
            <texture>common/spin03.png</texture>
            <animation effect="fade" start="0" end="70" time="0" tween="sine" easing="in">WindowOpen</animation>
            <aspectratio>keep</aspectratio>
            <visible>Integer.IsEqual(Window().Property(percent),93)+!String.isEqual(Window.Property(umbrella.icononly),true)+!String.isEqual(Window.Property(umbrella.isHidden),true)</visible>
        </control>
        <control type="image" id="2314">
            <centerleft>50%</centerleft>
            <centertop>415</centertop>
            <width>250</width>
            <height>250</height>
            <texture>common/spin04.png</texture>
            <animation effect="fade" start="0" end="70" time="0" tween="sine" easing="in">WindowOpen</animation>
            <aspectratio>keep</aspectratio>
            <visible>Integer.IsEqual(Window().Property(percent),94)+!String.isEqual(Window.Property(umbrella.icononly),true)+!String.isEqual(Window.Property(umbrella.isHidden),true)</visible>
        </control>
        <control type="image" id="2315">
            <centerleft>50%</centerleft>
            <centertop>415</centertop>
            <width>250</width>
            <height>250</height>
            <texture>common/spin05.png</texture>
            <animation effect="fade" start="0" end="70" time="0" tween="sine" easing="in">WindowOpen</animation>
            <aspectratio>keep</aspectratio>
            <visible>Integer.IsEqual(Window().Property(percent),95)+!String.isEqual(Window.Property(umbrella.icononly),true)+!String.isEqual(Window.Property(umbrella.isHidden),true)</visible>
        </control>
        <control type="image" id="2316">
            <centerleft>50%</centerleft>
            <centertop>415</centertop>
            <width>250</width>
            <height>250</height>
            <texture>common/spin06.png</texture>
            <animation effect="fade" start="0" end="70" time="0" tween="sine" easing="in">WindowOpen</animation>
            <aspectratio>keep</aspectratio>
            <visible>Integer.IsEqual(Window().Property(percent),96)+!String.isEqual(Window.Property(umbrella.icononly),true)+!String.isEqual(Window.Property(umbrella.isHidden),true)</visible>
        </control>
        <control type="image" id="2317">
            <centerleft>50%</centerleft>
            <centertop>415</centertop>
            <width>250</width>
            <height>250</height>
            <texture>common/spin07.png</texture>
            <animation effect="fade" start="0" end="70" time="0" tween="sine" easing="in">WindowOpen</animation>
            <aspectratio>keep</aspectratio>
            <visible>Integer.IsEqual(Window().Property(percent),97)+!String.isEqual(Window.Property(umbrella.icononly),true)+!String.isEqual(Window.Property(umbrella.isHidden),true)</visible>
        </control>
        <control type="image" id="2318">
            <centerleft>50%</centerleft>
            <centertop>415</centertop>
            <width>250</width>
            <height>250</height>
            <texture>common/spin08.png</texture>
            <animation effect="fade" start="0" end="70" time="0" tween="sine" easing="in">WindowOpen</animation>
            <aspectratio>keep</aspectratio>
            <visible>Integer.IsEqual(Window().Property(percent),98)+!String.isEqual(Window.Property(umbrella.icononly),true)+!String.isEqual(Window.Property(umbrella.isHidden),true)</visible>
        </control>
        <control type="image" id="2319">
            <centerleft>50%</centerleft>
            <centertop>415</centertop>
            <width>250</width>
            <height>250</height>
            <texture>common/spin09.png</texture>
            <animation effect="fade" start="0" end="70" time="0" tween="sine" easing="in">WindowOpen</animation>
            <aspectratio>keep</aspectratio>
            <visible>Integer.IsEqual(Window().Property(percent),99)+!String.isEqual(Window.Property(umbrella.icononly),true)+!String.isEqual(Window.Property(umbrella.isHidden),true)</visible>
        </control>
        <control type="image" id="2320">
            <centerleft>50%</centerleft>
            <centertop>415</centertop>
            <width>250</width>
            <height>250</height>
            <texture>common/spin10.png</texture>
            <animation effect="fade" start="0" end="70" time="0" tween="sine" easing="in">WindowOpen</animation>
            <aspectratio>keep</aspectratio>
            <visible>Integer.IsEqual(Window().Property(percent),100)+!String.isEqual(Window.Property(umbrella.icononly),true)+!String.isEqual(Window.Property(umbrella.isHidden),true)</visible>
        </control>
        <control type="group">
            <visible>!String.isEqual(Window.Property(umbrella.icononly),true)+!String.isEqual(Window.Property(umbrella.isHidden),true)</visible>
            <control type="textbox" id="2001">
                <top>860</top>
                <centerleft>50%</centerleft>
                <width>640</width>
                <height>200</height>
                <font>font12</font>
                <align>center</align>
                <textcolor>FFB7B4BB</textcolor>
            </control>
            <!-- <control type="progress" id="5000">
                <top>815</top>
                <centerleft>50%</centerleft>
                <width>480</width>
                <height>25</height>
                <reveal>true</reveal>
            </control> -->
        </control>
    </controls>
</window>
